<?xml version="1.0"?>
<pagescount>
	<html_total>5</html_total>
	<html_done>2</html_done>
	<images>15</images>
	<script>6</script>
	<css>4</css>
	<pdf/>
	<documents/>
	<excel/>
	<powerpoint/>
	<flash/>
	<audios/>
	<videos/>
	<xml/>
	<json/>
	<txt/>
	<autocad/>
	<model_3d/>
	<fonts/>
	<scraping_reload/>
	<is_pretty_url>false</is_pretty_url>
	<has_trailing_slash>false</has_trailing_slash>
	<is_ebn>false</is_ebn>
	<email>velayunita7@gmail.com</email>
	<theme_name>WmdTheme454560</theme_name>
	<server_url_front_page>http://www7.waybackmachinedownloader.com/scraping/files/demo/aybakirtasiye.com_velayunita7_gmail.com_8jzfy8tjkr/</server_url_front_page>
	<no_www_url>aybakirtasiye.com</no_www_url>
	<hosted_domain/>
	<original_archive_url>https://web.archive.org/web/20191231160735/http://www.aybakirtasiye.com/</original_archive_url>
	<final_archive_url>https://web.archive.org/web/20191231160735/http://www.aybakirtasiye.com/</final_archive_url>
	<front_page_code_date>20191231160735</front_page_code_date>
	<total_urls_from_api/>
	<max_reached_live>false</max_reached_live>
	<scrape_other_captures>false</scrape_other_captures>
	<action>Scraping of HTML pages from &amp;amp;lt;b&amp;amp;gt;current&amp;amp;lt;/b&amp;amp;gt; capture</action>
	<current_scraping_url>https://web.archive.org/web/20191229105706/http://www.aybakirtasiye.com/hizmetlerimiz.html</current_scraping_url>
	<total_size>301</total_size>
</pagescount>
